Date,Price Value
4-Mar-19,"2,792.85"
1-Feb-19,"2,707.88"
1-Jan-19,"2,602.55"
1-Dec-18,"2,567.31"
1-Nov-18,"2,723.23"
1-Oct-18,"2,785.46"
1-Sep-18,"2,901.50"
1-Aug-18,"2,857.82"
1-Jul-18,"2,793.64"
1-Jun-18,"2,754.35"
1-May-18,"2,701.49"
1-Apr-18,"2,653.63"
1-Mar-18,"2,702.77"
1-Feb-18,"2,705.16"
1-Jan-18,"2,789.80"
1-Dec-17,"2,664.34"
1-Nov-17,"2,593.61"
1-Oct-17,"2,557.00"
1-Sep-17,"2,492.84"
1-Aug-17,"2,456.22"
1-Jul-17,"2,454.10"
1-Jun-17,"2,433.99"
1-May-17,"2,395.35"
1-Apr-17,"2,359.31"
1-Mar-17,"2,366.82"
1-Feb-17,"2,329.91"
1-Jan-17,"2,275.12"
1-Dec-16,"2,246.63"
1-Nov-16,"2,164.99"
1-Oct-16,"2,143.02"
1-Sep-16,"2,157.69"
1-Aug-16,"2,170.95"
1-Jul-16,"2,148.90"
1-Jun-16,"2,083.89"
1-May-16,"2,065.55"
1-Apr-16,"2,075.54"
1-Mar-16,"2,021.95"
1-Feb-16,"1,904.42"
1-Jan-16,"1,918.60"
1-Dec-15,"2,054.08"
1-Nov-15,"2,080.62"
1-Oct-15,"2,024.81"
1-Sep-15,"1,944.41"
1-Aug-15,"2,039.87"
1-Jul-15,"2,094.14"
1-Jun-15,"2,099.29"
1-May-15,"2,111.94"
1-Apr-15,"2,094.86"
1-Mar-15,"2,079.99"
1-Feb-15,"2,082.20"
1-Jan-15,"2,028.18"
1-Dec-14,"2,054.27"
1-Nov-14,"2,044.57"
1-Oct-14,"1,937.27"
1-Sep-14,"1,993.23"
1-Aug-14,"1,961.53"
1-Jul-14,"1,973.10"
1-Jun-14,"1,947.09"
1-May-14,"1,889.77"
1-Apr-14,"1,864.26"
1-Mar-14,"1,863.52"
1-Feb-14,"1,817.04"
1-Jan-14,"1,822.36"
1-Dec-13,"1,807.78"
1-Nov-13,"1,783.54"
1-Oct-13,"1,720.03"
1-Sep-13,"1,687.17"
1-Aug-13,"1,670.09"
1-Jul-13,"1,668.68"
1-Jun-13,"1,618.77"
1-May-13,"1,639.84"
1-Apr-13,"1,570.70"
1-Mar-13,"1,550.83"
1-Feb-13,"1,512.31"
1-Jan-13,"1,480.40"
1-Dec-12,"1,422.29"
1-Nov-12,"1,394.51"
1-Oct-12,"1,437.82"
1-Sep-12,"1,443.42"
1-Aug-12,"1,403.45"
1-Jul-12,"1,359.78"
1-Jun-12,"1,323.48"
1-May-12,"1,341.27"
1-Apr-12,"1,386.43"
1-Mar-12,"1,389.24"
1-Feb-12,"1,352.49"
1-Jan-12,"1,300.58"
1-Dec-11,"1,243.32"
1-Nov-11,"1,226.42"
1-Oct-11,"1,207.22"
1-Sep-11,"1,173.88"
1-Aug-11,"1,185.31"
1-Jul-11,"1,325.19"
1-Jun-11,"1,287.29"
1-May-11,"1,338.31"
1-Apr-11,"1,331.51"
1-Mar-11,"1,304.49"
1-Feb-11,"1,321.12"
1-Jan-11,"1,282.62"
1-Dec-10,"1,241.53"
1-Nov-10,"1,198.89"
1-Oct-10,"1,171.58"
1-Sep-10,"1,122.08"
1-Aug-10,"1,087.28"
1-Jul-10,"1,079.80"
1-Jun-10,"1,083.36"
1-May-10,"1,125.06"
1-Apr-10,"1,197.32"
1-Mar-10,"1,152.05"
1-Feb-10,"1,089.16"
1-Jan-10,"1,123.58"
1-Dec-09,"1,110.38"
1-Nov-09,"1,088.07"
1-Oct-09,"1,067.66"
1-Sep-09,"1,044.55"
1-Aug-09,"1,009.73"
1-Jul-09,935.82
1-Jun-09,926.12
1-May-09,902.41
1-Apr-09,848.15
1-Mar-09,757.13
1-Feb-09,805.23
1-Jan-09,865.58
1-Dec-08,877.56
1-Nov-08,883.04
1-Oct-08,968.8
1-Sep-08,"1,216.95"
1-Aug-08,"1,281.47"
1-Jul-08,"1,257.33"
1-Jun-08,"1,341.25"
1-May-08,"1,403.22"
1-Apr-08,"1,370.47"
1-Mar-08,"1,316.94"
1-Feb-08,"1,354.87"
1-Jan-08,"1,378.76"
1-Dec-07,"1,479.22"
1-Nov-07,"1,463.39"
1-Oct-07,"1,539.66"
1-Sep-07,"1,497.12"
1-Aug-07,"1,454.62"
1-Jul-07,"1,520.71"
1-Jun-07,"1,514.19"
1-May-07,"1,511.14"
1-Apr-07,"1,463.64"
1-Mar-07,"1,406.95"
1-Feb-07,"1,444.80"
1-Jan-07,"1,424.16"
1-Dec-06,"1,416.42"
1-Nov-06,"1,388.64"
1-Oct-06,"1,363.38"
1-Sep-06,"1,317.74"
1-Aug-06,"1,287.15"
1-Jul-06,"1,260.24"
1-Jun-06,"1,253.17"
1-May-06,"1,290.01"
1-Apr-06,"1,302.17"
1-Mar-06,"1,293.74"
1-Feb-06,"1,276.65"
1-Jan-06,"1,278.73"
1-Dec-05,"1,262.07"
1-Nov-05,"1,237.37"
1-Oct-05,"1,191.96"
1-Sep-05,"1,225.92"
1-Aug-05,"1,224.27"
1-Jul-05,"1,222.24"
1-Jun-05,"1,202.25"
1-May-05,"1,178.28"
1-Apr-05,"1,164.43"
1-Mar-05,"1,194.90"
1-Feb-05,"1,199.63"
1-Jan-05,"1,181.41"
1-Dec-04,"1,199.21"
1-Nov-04,"1,168.94"
1-Oct-04,"1,117.21"
1-Sep-04,"1,117.66"
1-Aug-04,"1,088.94"
1-Jul-04,"1,105.85"
1-Jun-04,"1,132.76"
1-May-04,"1,102.78"
1-Apr-04,"1,133.36"
1-Mar-04,"1,123.98"
1-Feb-04,"1,143.36"
1-Jan-04,"1,132.52"
1-Dec-03,"1,080.64"
1-Nov-03,"1,049.90"
1-Oct-03,"1,038.73"
1-Sep-03,"1,019.44"
1-Aug-03,989.53
1-Jul-03,992.54
1-Jun-03,988
1-May-03,935.96
1-Apr-03,890.03
1-Mar-03,846.63
1-Feb-03,837.03
1-Jan-03,895.84
1-Dec-02,899.18
1-Nov-02,909.93
1-Oct-02,854.63
1-Sep-02,867.81
1-Aug-02,912.55
1-Jul-02,903.59
1-Jun-02,"1,014.02"
1-May-02,"1,079.25"
1-Apr-02,"1,111.93"
1-Mar-02,"1,153.79"
1-Feb-02,"1,100.67"
1-Jan-02,"1,140.21"
1-Dec-01,"1,144.93"
1-Nov-01,"1,129.68"
1-Oct-01,"1,076.59"
1-Sep-01,"1,044.64"
1-Aug-01,"1,178.50"
1-Jul-01,"1,204.45"
1-Jun-01,"1,238.71"
1-May-01,"1,270.37"
1-Apr-01,"1,189.84"
1-Mar-01,"1,185.85"
1-Feb-01,"1,305.75"
1-Jan-01,"1,335.63"
1-Dec-00,"1,330.93"
1-Nov-00,"1,378.04"
1-Oct-00,"1,390.14"
1-Sep-00,"1,468.05"
1-Aug-00,"1,485.46"
1-Jul-00,"1,473.00"
1-Jun-00,"1,461.96"
1-May-00,"1,418.48"
1-Apr-00,"1,461.36"
1-Mar-00,"1,442.21"
1-Feb-00,"1,388.87"
1-Jan-00,"1,425.59"
1-Dec-99,"1,428.68"
1-Nov-99,"1,391.00"
1-Oct-99,"1,300.01"
1-Sep-99,"1,318.17"
1-Aug-99,"1,327.49"
1-Jul-99,"1,380.99"
1-Jun-99,"1,322.55"
1-May-99,"1,332.07"
1-Apr-99,"1,334.76"
1-Mar-99,"1,281.66"
1-Feb-99,"1,246.58"
1-Jan-99,"1,248.77"
1-Dec-98,"1,190.05"
1-Nov-98,"1,144.43"
1-Oct-98,"1,032.47"
1-Sep-98,"1,020.64"
1-Aug-98,"1,074.62"
1-Jul-98,"1,156.58"
1-Jun-98,"1,108.39"
1-May-98,"1,108.42"
1-Apr-98,"1,112.20"
1-Mar-98,"1,076.83"
1-Feb-98,"1,023.74"
1-Jan-98,963.36
1-Dec-97,962.37
1-Nov-97,938.92
1-Oct-97,951.16
1-Sep-97,937.02
1-Aug-97,927.24
1-Jul-97,925.29
1-Jun-97,876.29
1-May-97,833.09
1-Apr-97,763.93
1-Mar-97,792.16
1-Feb-97,798.39
1-Jan-97,766.22
1-Dec-96,743.25
1-Nov-96,735.67
1-Oct-96,701.46
1-Sep-96,674.88
1-Aug-96,662.68
1-Jul-96,644.07
1-Jun-96,668.5
1-May-96,661.23
1-Apr-96,647.17
1-Mar-96,647.07
1-Feb-96,649.54
1-Jan-96,614.42
1-Dec-95,614.57
1-Nov-95,595.53
1-Oct-95,582.92
1-Sep-95,578.77
1-Aug-95,559.11
1-Jul-95,557.37
1-Jun-95,539.35
1-May-95,523.81
1-Apr-95,507.91
1-Mar-95,493.15
1-Feb-95,481.92
1-Jan-95,465.25
1-Dec-94,455.19
1-Nov-94,461.01
1-Oct-94,463.81
1-Sep-94,466.96
1-Aug-94,464.24
1-Jul-94,451.4
1-Jun-94,454.83
1-May-94,450.9
1-Apr-94,447.23
1-Mar-94,463.81
1-Feb-94,471.58
1-Jan-94,472.99
1-Dec-93,465.95
1-Nov-93,462.89
1-Oct-93,463.9
1-Sep-93,459.24
1-Aug-93,454.13
1-Jul-93,447.29
1-Jun-93,448.06
1-May-93,445.25
1-Apr-93,443.08
1-Mar-93,450.16
1-Feb-93,441.7
1-Jan-93,435.23
1-Dec-92,435.64
1-Nov-92,422.84
1-Oct-92,412.5
1-Sep-92,418.48
1-Aug-92,417.93
1-Jul-92,415.05
1-Jun-92,408.27
1-May-92,414.81
1-Apr-92,407.41
1-Mar-92,407.36
1-Feb-92,412.56
1-Jan-92,416.08
1-Dec-91,388.51
1-Nov-91,385.92
1-Oct-91,386.88
1-Sep-91,387.2
1-Aug-91,389.4
1-Jul-91,380.23
1-Jun-91,378.29
1-May-91,377.99
1-Apr-91,379.68
1-Mar-91,372.28
1-Feb-91,362.26
1-Jan-91,325.49
1-Dec-90,328.75
1-Nov-90,315.29
1-Oct-90,307.12
1-Sep-90,315.41
1-Aug-90,330.75
1-Jul-90,360.03
1-Jun-90,360.39
1-May-90,350.25
1-Apr-90,338.18
1-Mar-90,338.46
1-Feb-90,330.45
1-Jan-90,339.97
1-Dec-89,348.6
1-Nov-89,340.2
1-Oct-89,347.4
1-Sep-89,347.3
1-Aug-89,346.6
1-Jul-89,331.9
1-Jun-89,323.7
1-May-89,313.9
1-Apr-89,302.3
1-Mar-89,292.7
1-Feb-89,294
1-Jan-89,285.4
1-Dec-88,276.5
1-Nov-88,271
1-Oct-88,277.4
1-Sep-88,268
1-Aug-88,263.7
1-Jul-88,269.1
1-Jun-88,270.7
1-May-88,256.1
1-Apr-88,262.6
1-Mar-88,265.7
1-Feb-88,258.1
1-Jan-88,250.5
1-Dec-87,241
1-Nov-87,245
1-Oct-87,280.2
1-Sep-87,318.7
1-Aug-87,329.4
1-Jul-87,310.1
1-Jun-87,301.4
1-May-87,289.1
1-Apr-87,289.3
1-Mar-87,292.5
1-Feb-87,280.9
1-Jan-87,264.5
1-Dec-86,248.6
1-Nov-86,245.1
1-Oct-86,237.4
1-Sep-86,238.3
1-Aug-86,245
1-Jul-86,240.2
1-Jun-86,245.3
1-May-86,238.5
1-Apr-86,238
1-Mar-86,232.3
1-Feb-86,219.4
1-Jan-86,208.2
1-Dec-85,207.3
1-Nov-85,197.5
1-Oct-85,186.2
1-Sep-85,184.1
1-Aug-85,188.3
1-Jul-85,192.5
1-Jun-85,188.9
1-May-85,184.9
1-Apr-85,180.6
1-Mar-85,179.4
1-Feb-85,180.9
1-Jan-85,171.6
1-Dec-84,164.5
1-Nov-84,166.3
1-Oct-84,164.8
1-Sep-84,166.1
1-Aug-84,164.4
1-Jul-84,151.1
1-Jun-84,153.1
1-May-84,156.6
1-Apr-84,157.6
1-Mar-84,157.4
1-Feb-84,157.3
1-Jan-84,166.4
1-Dec-83,164.4
1-Nov-83,165.2
1-Oct-83,167.7
1-Sep-83,167.2
1-Aug-83,162.4
1-Jul-83,167
1-Jun-83,166.4
1-May-83,164.1
1-Apr-83,157.7
1-Mar-83,151.9
1-Feb-83,146.8
1-Jan-83,144.3
1-Dec-82,139.4
1-Nov-82,138.1
1-Oct-82,132.7
1-Sep-82,122.4
1-Aug-82,109.7
1-Jul-82,109.4
1-Jun-82,109.7
1-May-82,116.4
1-Apr-82,116.3
1-Mar-82,110.8
1-Feb-82,114.5
1-Jan-82,117.3
1-Dec-81,123.8
1-Nov-81,122.9
1-Oct-81,119.8
1-Sep-81,118.3
1-Aug-81,129.6
1-Jul-81,129.1
1-Jun-81,132.3
1-May-81,131.7
1-Apr-81,134.4
1-Mar-81,133.2
1-Feb-81,128.4
1-Jan-81,133
1-Dec-80,133.5
1-Nov-80,135.7
1-Oct-80,130.2
1-Sep-80,126.5
1-Aug-80,123.5
1-Jul-80,119.8
1-Jun-80,114.6
1-May-80,107.7
1-Apr-80,103
1-Mar-80,104.7
1-Feb-80,115.3
1-Jan-80,110.9
1-Dec-79,107.8
1-Nov-79,103.7
1-Oct-79,104.5
1-Sep-79,108.6
1-Aug-79,107.4
1-Jul-79,102.7
1-Jun-79,101.7
1-May-79,99.73
1-Apr-79,102.1
1-Mar-79,100.1
1-Feb-79,98.23
1-Jan-79,99.71
1-Dec-78,96.11
1-Nov-78,94.71
1-Oct-78,100.6
1-Sep-78,103.9
1-Aug-78,103.9
1-Jul-78,97.19
1-Jun-78,97.66
1-May-78,97.41
1-Apr-78,92.71
1-Mar-78,88.82
1-Feb-78,88.98
1-Jan-78,90.25
1-Dec-77,93.82
1-Nov-77,94.28
1-Oct-77,93.74
1-Sep-77,96.23
1-Aug-77,97.75
1-Jul-77,100.2
1-Jun-77,99.29
1-May-77,98.76
1-Apr-77,99.05
1-Mar-77,100.6
1-Feb-77,101
1-Jan-77,103.8
1-Dec-76,104.7
1-Nov-76,101.2
1-Oct-76,101.9
1-Sep-76,105.5
1-Aug-76,103.3
1-Jul-76,104.2
1-Jun-76,101.8
1-May-76,101.2
1-Apr-76,101.9
1-Mar-76,101.1
1-Feb-76,100.6
1-Jan-76,96.86
1-Dec-75,88.7
1-Nov-75,90.07
1-Oct-75,88.57
1-Sep-75,84.67
1-Aug-75,85.71
1-Jul-75,92.49
1-Jun-75,92.4
1-May-75,90.1
1-Apr-75,84.72
1-Mar-75,83.78
1-Feb-75,80.1
1-Jan-75,72.56
1-Dec-74,67.07
1-Nov-74,71.74
1-Oct-74,69.44
1-Sep-74,68.12
1-Aug-74,76.03
1-Jul-74,79.31
1-Jun-74,89.79
1-May-74,89.67
1-Apr-74,92.46
1-Mar-74,97.44
1-Feb-74,93.45
1-Jan-74,96.11
1-Dec-73,94.78
1-Nov-73,102
1-Oct-73,109.8
1-Sep-73,105.6
1-Aug-73,103.8
1-Jul-73,105.8
1-Jun-73,104.8
1-May-73,107.2
1-Apr-73,110.3
1-Mar-73,112.4
1-Feb-73,114.2
1-Jan-73,118.4
1-Dec-72,117.5
1-Nov-72,115.1
1-Oct-72,109.6
1-Sep-72,109.4
1-Aug-72,111
1-Jul-72,107.2
1-Jun-72,108
1-May-72,107.7
1-Apr-72,108.8
1-Mar-72,107.7
1-Feb-72,105.2
1-Jan-72,103.3
1-Dec-71,99.17
1-Nov-71,92.78
1-Oct-71,97.29
1-Sep-71,99.4
1-Aug-71,97.24
1-Jul-71,99
1-Jun-71,99.72
1-May-71,101.6
1-Apr-71,103
1-Mar-71,99.6
1-Feb-71,97.11
1-Jan-71,93.49
1-Dec-70,90.05
1-Nov-70,84.28
1-Oct-70,84.37
1-Sep-70,82.58
1-Aug-70,77.92
1-Jul-70,75.72
1-Jun-70,75.59
1-May-70,76.06
1-Apr-70,85.95
1-Mar-70,88.65
1-Feb-70,87.16
1-Jan-70,90.31
1-Dec-69,91.11
1-Nov-69,96.21
1-Oct-69,95.52
1-Sep-69,94.51
1-Aug-69,94.18
1-Jul-69,94.71
1-Jun-69,99.14
1-May-69,104.6
1-Apr-69,101.3
1-Mar-69,99.3
1-Feb-69,101.5
1-Jan-69,102
1-Dec-68,106.5
1-Nov-68,105.4
1-Oct-68,103.8
1-Sep-68,101.3
1-Aug-68,98.11
1-Jul-68,100.3
1-Jun-68,100.5
1-May-68,97.87
1-Apr-68,95.67
1-Mar-68,89.09
1-Feb-68,90.75
1-Jan-68,95.04
1-Dec-67,95.3
1-Nov-67,92.66
1-Oct-67,95.66
1-Sep-67,95.81
1-Aug-67,94.49
1-Jul-67,93.01
1-Jun-67,91.43
1-May-67,92.59
1-Apr-67,90.96
1-Mar-67,89.42
1-Feb-67,87.36
1-Jan-67,84.45
1-Dec-66,81.33
1-Nov-66,80.99
1-Oct-66,77.13
1-Sep-66,77.81
1-Aug-66,80.65
1-Jul-66,85.84
1-Jun-66,86.06
1-May-66,86.78
1-Apr-66,91.6
1-Mar-66,88.88
1-Feb-66,92.69
1-Jan-66,93.32
1-Dec-65,91.73
1-Nov-65,92.15
1-Oct-65,91.39
1-Sep-65,89.38
1-Aug-65,86.49
1-Jul-65,84.91
1-Jun-65,85.04
1-May-65,89.28
1-Apr-65,87.97
1-Mar-65,86.83
1-Feb-65,86.75
1-Jan-65,86.12
1-Dec-64,83.96
1-Nov-64,85.44
1-Oct-64,84.85
1-Sep-64,83.41
1-Aug-64,82
1-Jul-64,83.22
1-Jun-64,80.24
1-May-64,80.72
1-Apr-64,79.94
1-Mar-64,78.8
1-Feb-64,77.39
1-Jan-64,76.45
1-Dec-63,74.17
1-Nov-63,72.62
1-Oct-63,73.03
1-Sep-63,72.85
1-Aug-63,70.98
1-Jul-63,69.07
1-Jun-63,70.11
1-May-63,70.14
1-Apr-63,68.76
1-Mar-63,65.67
1-Feb-63,65.92
1-Jan-63,65.06
1-Dec-62,62.64
1-Nov-62,60.04
1-Oct-62,56.17
1-Sep-62,58
1-Aug-62,58.52
1-Jul-62,56.97
1-Jun-62,55.63
1-May-62,62.99
1-Apr-62,68.05
1-Mar-62,70.29
1-Feb-62,70.22
1-Jan-62,69.07
1-Dec-61,71.74
1-Nov-61,71.08
1-Oct-61,68
1-Sep-61,67.26
1-Aug-61,67.79
1-Jul-61,65.44
1-Jun-61,65.62
1-May-61,66.5
1-Apr-61,65.83
1-Mar-61,64.12
1-Feb-61,62.17
1-Jan-61,59.72
1-Dec-60,56.8
1-Nov-60,55.47
1-Oct-60,53.73
1-Sep-60,54.81
1-Aug-60,56.51
1-Jul-60,55.84
1-Jun-60,57.26
1-May-60,55.22
1-Apr-60,55.73
1-Mar-60,55.02
1-Feb-60,55.78
1-Jan-60,58.03
1-Dec-59,59.06
1-Nov-59,57.23
1-Oct-59,57
1-Sep-59,57.05
1-Aug-59,59.4
1-Jul-59,59.74
1-Jun-59,57.46
1-May-59,57.96
1-Apr-59,57.1
1-Mar-59,56.16
1-Feb-59,54.77
1-Jan-59,55.62
1-Dec-58,53.49
1-Nov-58,52.5
1-Oct-58,50.95
1-Sep-58,48.96
1-Aug-58,47.7
1-Jul-58,45.98
1-Jun-58,44.75
1-May-58,43.7
1-Apr-58,42.34
1-Mar-58,42.11
1-Feb-58,41.26
1-Jan-58,41.12
1-Dec-57,40.33
1-Nov-57,40.35
1-Oct-57,41.24
1-Sep-57,43.98
1-Aug-57,45.84
1-Jul-57,48.51
1-Jun-57,47.55
1-May-57,46.78
1-Apr-57,45.05
1-Mar-57,44.03
1-Feb-57,43.47
1-Jan-57,45.43
1-Dec-56,46.44
1-Nov-56,45.76
1-Oct-56,46.24
1-Sep-56,46.84
1-Aug-56,48.49
1-Jul-56,48.78
1-Jun-56,46.27
1-May-56,46.54
1-Apr-56,48.05
1-Mar-56,47.49
1-Feb-56,44.43
1-Jan-56,44.15
1-Dec-55,45.37
1-Nov-55,44.95
1-Oct-55,42.11
1-Sep-55,44.34
1-Aug-55,42.43
1-Jul-55,42.69
1-Jun-55,39.78
1-May-55,37.6
1-Apr-55,37.76
1-Mar-55,36.5
1-Feb-55,36.79
1-Jan-55,35.6
1-Dec-54,34.97
1-Nov-54,33.44
1-Oct-54,32.18
1-Sep-54,31.45
1-Aug-54,30.73
1-Jul-54,30.13
1-Jun-54,28.96
1-May-54,28.73
1-Apr-54,27.63
1-Mar-54,26.57
1-Feb-54,26.02
1-Jan-54,25.46
1-Dec-53,24.83
1-Nov-53,24.5
1-Oct-53,23.97
1-Sep-53,23.27
1-Aug-53,24.39
1-Jul-53,24.29
1-Jun-53,23.95
1-May-53,24.84
1-Apr-53,24.71
1-Mar-53,25.99
1-Feb-53,25.86
1-Jan-53,26.18
1-Dec-52,26.04
1-Nov-52,25.03
1-Oct-52,24.26
1-Sep-52,24.78
1-Aug-52,25.18
1-Jul-52,25.08
1-Jun-52,24.38
1-May-52,23.73
1-Apr-52,23.74
1-Mar-52,23.81
1-Feb-52,23.75
1-Jan-52,24.19
1-Dec-51,23.41
1-Nov-51,22.71
1-Oct-51,23.36
1-Sep-51,23.48
1-Aug-51,22.89
1-Jul-51,21.93
1-Jun-51,21.55
1-May-51,21.93
1-Apr-51,21.92
1-Mar-51,21.63
1-Feb-51,22
1-Jan-51,21.21
1-Dec-50,19.75
1-Nov-50,19.83
1-Oct-50,19.87
1-Sep-50,19.08
1-Aug-50,18.43
1-Jul-50,17.38
1-Jun-50,18.74
1-May-50,18.44
1-Apr-50,17.84
1-Mar-50,17.35
1-Feb-50,17.21
1-Jan-50,16.88
1-Dec-49,16.54
1-Nov-49,16.11
1-Oct-49,15.89
1-Sep-49,15.49
1-Aug-49,15.29
1-Jul-49,14.76
1-Jun-49,13.97
1-May-49,14.78
1-Apr-49,14.89
1-Mar-49,14.91
1-Feb-49,14.77
1-Jan-49,15.36
1-Dec-48,15.19
1-Nov-48,15.29
1-Oct-48,16.19
1-Sep-48,15.76
1-Aug-48,15.94
1-Jul-48,16.42
1-Jun-48,16.82
1-May-48,16.15
1-Apr-48,15.4
1-Mar-48,14.3
1-Feb-48,14.1
1-Jan-48,14.83
1-Dec-47,15.03
1-Nov-47,15.27
1-Oct-47,15.45
1-Sep-47,15.06
1-Aug-47,15.46
1-Jul-47,15.77
1-Jun-47,14.84
1-May-47,14.34
1-Apr-47,14.6
1-Mar-47,15.16
1-Feb-47,15.8
1-Jan-47,15.21
1-Dec-46,15.13
1-Nov-46,14.69
1-Oct-46,14.75
1-Sep-46,15.09
1-Aug-46,17.7
1-Jul-46,18.05
1-Jun-46,18.58
1-May-46,18.7
1-Apr-46,18.66
1-Mar-46,17.53
1-Feb-46,18.07
1-Jan-46,18.02
1-Dec-45,17.33
1-Nov-45,17.04
1-Oct-45,16.5
1-Sep-45,15.84
1-Aug-45,14.83
1-Jul-45,14.78
1-Jun-45,15.09
1-May-45,14.82
1-Apr-45,14.28
1-Mar-45,13.93
1-Feb-45,13.94
1-Jan-45,13.49
1-Dec-44,13.1
1-Nov-44,12.82
1-Oct-44,12.91
1-Sep-44,12.6
1-Aug-44,12.81
1-Jul-44,13
1-Jun-44,12.67
1-May-44,12.1
1-Apr-44,11.89
1-Mar-44,12.1
1-Feb-44,11.77
1-Jan-44,11.85
1-Dec-43,11.48
1-Nov-43,11.33
1-Oct-43,11.88
1-Sep-43,11.99
1-Aug-43,11.74
1-Jul-43,12.35
1-Jun-43,12.1
1-May-43,11.89
1-Apr-43,11.44
1-Mar-43,11.07
1-Feb-43,10.69
1-Jan-43,10.09
1-Dec-42,9.52
1-Nov-42,9.47
1-Oct-42,9.32
1-Sep-42,8.68
1-Aug-42,8.59
1-Jul-42,8.64
1-Jun-42,8.33
1-May-42,7.93
1-Apr-42,7.84
1-Mar-42,8.18
1-Feb-42,8.65
1-Jan-42,8.93
1-Dec-41,8.76
1-Nov-41,9.37
1-Oct-41,9.83
1-Sep-41,10.24
1-Aug-41,10.21
1-Jul-41,10.26
1-Jun-41,9.76
1-May-41,9.43
1-Apr-41,9.64
1-Mar-41,9.95
1-Feb-41,9.89
1-Jan-41,10.55
1-Dec-40,10.53
1-Nov-40,10.98
1-Oct-40,10.73
1-Sep-40,10.63
1-Aug-40,10.2
1-Jul-40,9.99
1-Jun-40,9.67
1-May-40,10.58
1-Apr-40,12.27
1-Mar-40,12.15
1-Feb-40,12.22
1-Jan-40,12.3
1-Dec-39,12.37
1-Nov-39,12.67
1-Oct-39,12.9
1-Sep-39,12.77
1-Aug-39,11.54
1-Jul-39,11.71
1-Jun-39,11.43
1-May-39,11.23
1-Apr-39,10.83
1-Mar-39,12.39
1-Feb-39,12.4
1-Jan-39,12.5
1-Dec-38,12.69
1-Nov-38,13.07
1-Oct-38,13.06
1-Sep-38,11.75
1-Aug-38,12.31
1-Jul-38,12.24
1-Jun-38,10.21
1-May-38,9.98
1-Apr-38,9.89
1-Mar-38,10.31
1-Feb-38,11.04
1-Jan-38,11.31
1-Dec-37,11.02
1-Nov-37,11.2
1-Oct-37,12.28
1-Sep-37,14.37
1-Aug-37,16.74
1-Jul-37,16.57
1-Jun-37,15.64
1-May-37,16.25
1-Apr-37,17.01
1-Mar-37,18.09
1-Feb-37,18.11
1-Jan-37,17.59
1-Dec-36,17.06
1-Nov-36,17.36
1-Oct-36,16.89
1-Sep-36,16.05
1-Aug-36,15.87
1-Jul-36,15.56
1-Jun-36,14.69
1-May-36,14.09
1-Apr-36,14.88
1-Mar-36,14.86
1-Feb-36,14.55
1-Jan-36,13.76
1-Dec-35,13.04
1-Nov-35,13.04
1-Oct-35,11.92
1-Sep-35,11.61
1-Aug-35,11.37
1-Jul-35,10.65
1-Jun-35,10.12
1-May-35,9.75
1-Apr-35,9.04
1-Mar-35,8.41
1-Feb-35,8.98
1-Jan-35,9.26
1-Dec-34,9.26
1-Nov-34,9.2
1-Oct-34,8.95
1-Sep-34,8.88
1-Aug-34,9.1
1-Jul-34,9.47
1-Jun-34,9.94
1-May-34,9.81
1-Apr-34,10.92
1-Mar-34,10.74
1-Feb-34,11.32
1-Jan-34,10.54
1-Dec-33,9.97
1-Nov-33,9.78
1-Oct-33,9.55
1-Sep-33,10.58
1-Aug-33,10.67
1-Jul-33,11.23
1-Jun-33,10.39
1-May-33,8.87
1-Apr-33,6.89
1-Mar-33,6.23
1-Feb-33,6.25
1-Jan-33,7.09
1-Dec-32,6.82
1-Nov-32,7.05
1-Oct-32,7.12
1-Sep-32,8.26
1-Aug-32,7.53
1-Jul-32,5.01
1-Jun-32,4.77
1-May-32,5.51
1-Apr-32,6.28
1-Mar-32,8.26
1-Feb-32,8.23
1-Jan-32,8.3
1-Dec-31,8.44
1-Nov-31,10.39
1-Oct-31,10.25
1-Sep-31,11.83
1-Aug-31,13.9
1-Jul-31,14.33
1-Jun-31,13.87
1-May-31,14.33
1-Apr-31,15.86
1-Mar-31,17.53
1-Feb-31,17.2
1-Jan-31,15.98
1-Dec-30,15.51
1-Nov-30,16.62
1-Oct-30,17.92
1-Sep-30,20.78
1-Aug-30,20.79
1-Jul-30,21.06
1-Jun-30,21.52
1-May-30,23.94
1-Apr-30,25.46
1-Mar-30,23.94
1-Feb-30,23.07
1-Jan-30,21.71
1-Dec-29,21.4
1-Nov-29,20.58
1-Oct-29,27.99
1-Sep-29,31.3
1-Aug-29,30.1
1-Jul-29,28.48
1-Jun-29,26.15
1-May-29,25.66
1-Apr-29,25.28
1-Mar-29,25.43
1-Feb-29,24.99
1-Jan-29,24.86
1-Dec-28,23.15
1-Nov-28,23.06
1-Oct-28,21.6
1-Sep-28,21.17
1-Aug-28,19.78
1-Jul-28,19.16
1-Jun-28,19.02
1-May-28,20
1-Apr-28,19.4
1-Mar-28,18.25
1-Feb-28,17.32
1-Jan-28,17.53
1-Dec-27,17.46
1-Nov-27,17.06
1-Oct-27,16.68
1-Sep-27,16.94
1-Aug-27,16.03
1-Jul-27,15.22
1-Jun-27,14.89
1-May-27,14.7
1-Apr-27,14.21
1-Mar-27,13.87
1-Feb-27,13.66
1-Jan-27,13.4
1-Dec-26,13.49
1-Nov-26,13.19
1-Oct-26,13.02
1-Sep-26,13.32
1-Aug-26,13.12
1-Jul-26,12.62
1-Jun-26,12.11
1-May-26,11.56
1-Apr-26,11.48
1-Mar-26,11.81
1-Feb-26,12.67
1-Jan-26,12.65
1-Dec-25,12.46
1-Nov-25,12.26
1-Oct-25,11.89
1-Sep-25,11.51
1-Aug-25,11.25
1-Jul-25,11.1
1-Jun-25,10.8
1-May-25,10.61
1-Apr-25,10.28
1-Mar-25,10.39
1-Feb-25,10.67
1-Jan-25,10.58
1-Dec-24,10.16
1-Nov-24,9.64
1-Oct-24,9.13
1-Sep-24,9.25
1-Aug-24,9.34
1-Jul-24,9.03
1-Jun-24,8.63
1-May-24,8.47
1-Apr-24,8.5
1-Mar-24,8.7
1-Feb-24,8.87
1-Jan-24,8.83
1-Dec-23,8.55
1-Nov-23,8.27
1-Oct-23,8.03
1-Sep-23,8.15
1-Aug-23,8.1
1-Jul-23,8.06
1-Jun-23,8.34
1-May-23,8.67
1-Apr-23,9.1
1-Mar-23,9.43
1-Feb-23,9.28
1-Jan-23,8.9
1-Dec-22,8.78
1-Nov-22,8.8
1-Oct-22,9.26
1-Sep-22,9.06
1-Aug-22,8.83
1-Jul-22,8.51
1-Jun-22,8.45
1-May-22,8.53
1-Apr-22,8.21
1-Mar-22,7.74
1-Feb-22,7.46
1-Jan-22,7.3
1-Dec-21,7.31
1-Nov-21,7.06
1-Oct-21,6.7
1-Sep-21,6.61
1-Aug-21,6.45
1-Jul-21,6.53
1-Jun-21,6.55
1-May-21,7.12
1-Apr-21,6.91
1-Mar-21,6.88
1-Feb-21,7.06
1-Jan-21,7.11
1-Dec-20,6.81
1-Nov-20,7.48
1-Oct-20,7.88
1-Sep-20,7.87
1-Aug-20,7.6
1-Jul-20,7.91
1-Jun-20,7.92
1-May-20,8.06
1-Apr-20,8.6
1-Mar-20,8.67
1-Feb-20,8.1
1-Jan-20,8.83
1-Dec-19,8.92
1-Nov-19,9.19
1-Oct-19,9.47
1-Sep-19,9.01
1-Aug-19,8.87
1-Jul-19,9.51
1-Jun-19,9.21
1-May-19,8.97
1-Apr-19,8.39
1-Mar-19,8.12
1-Feb-19,7.88
1-Jan-19,7.85
1-Dec-18,7.9
1-Nov-18,8.06
1-Oct-18,7.86
1-Sep-18,7.54
1-Aug-18,7.58
1-Jul-18,7.51
1-Jun-18,7.45
1-May-18,7.44
1-Apr-18,7.21
1-Mar-18,7.28
1-Feb-18,7.43
1-Jan-18,7.21
1-Dec-17,6.8
1-Nov-17,7.04
1-Oct-17,7.68
1-Sep-17,8.12
1-Aug-17,8.53
1-Jul-17,8.79
1-Jun-17,9.04
1-May-17,8.86
1-Apr-17,9.17
1-Mar-17,9.31
1-Feb-17,9.03
1-Jan-17,9.57
1-Dec-16,9.8
1-Nov-16,10.21
1-Oct-16,9.98
1-Sep-16,9.68
1-Aug-16,9.3
1-Jul-16,9.23
1-Jun-16,9.36
1-May-16,9.27
1-Apr-16,9.07
1-Mar-16,9.17
1-Feb-16,9.2
1-Jan-16,9.33
1-Dec-15,9.48
1-Nov-15,9.46
1-Oct-15,9.14
1-Sep-15,8.66
1-Aug-15,8.35
1-Jul-15,8.01
1-Jun-15,8.04
1-May-15,7.95
1-Apr-15,8.14
1-Mar-15,7.57
1-Feb-15,7.38
1-Jan-15,7.48
1-Dec-14,7.35
1-Nov-14,7.68
1-Oct-14,7.68
1-Sep-14,7.68
1-Aug-14,7.68
1-Jul-14,7.68
1-Jun-14,8.13
1-May-14,8.17
1-Apr-14,8.12
1-Mar-14,8.32
1-Feb-14,8.48
1-Jan-14,8.37
1-Dec-13,8.04
1-Nov-13,8.05
1-Oct-13,8.26
1-Sep-13,8.53
1-Aug-13,8.45
1-Jul-13,8.23
1-Jun-13,8.12
1-May-13,8.55
1-Apr-13,8.79
1-Mar-13,8.8
1-Feb-13,8.97
1-Jan-13,9.3
1-Dec-12,9.38
1-Nov-12,9.73
1-Oct-12,9.84
1-Sep-12,9.86
1-Aug-12,9.81
1-Jul-12,9.59
1-Jun-12,9.58
1-May-12,9.58
1-Apr-12,9.59
1-Mar-12,9.3
1-Feb-12,9.04
1-Jan-12,9.12
1-Dec-11,9.11
1-Nov-11,9.07
1-Oct-11,8.72
1-Sep-11,8.67
1-Aug-11,9.17
1-Jul-11,9.63
1-Jun-11,9.67
1-May-11,9.48
1-Apr-11,9.28
1-Mar-11,9.32
1-Feb-11,9.43
1-Jan-11,9.27
1-Dec-10,9.05
1-Nov-10,9.31
1-Oct-10,9.32
1-Sep-10,8.91
1-Aug-10,8.85
1-Jul-10,8.64
1-Jun-10,9.1
1-May-10,9.56
1-Apr-10,9.72
1-Mar-10,9.96
1-Feb-10,9.72
1-Jan-10,10.08
1-Dec-09,10.3
1-Nov-09,10.18
1-Oct-09,10.23
1-Sep-09,10.19
1-Aug-09,10.18
1-Jul-09,9.94
1-Jun-09,9.8
1-May-09,9.63
1-Apr-09,9.32
1-Mar-09,8.92
1-Feb-09,8.8
1-Jan-09,9.06
1-Dec-08,9.03
1-Nov-08,8.83
1-Oct-08,8.27
1-Sep-08,8.17
1-Aug-08,8.26
1-Jul-08,7.92
1-Jun-08,7.64
1-May-08,7.63
1-Apr-08,7.24
1-Mar-08,6.87
1-Feb-08,6.6
1-Jan-08,6.85
1-Dec-07,6.57
1-Nov-07,6.25
1-Oct-07,6.64
1-Sep-07,7.45
1-Aug-07,7.53
1-Jul-07,8.14
1-Jun-07,7.84
1-May-07,8.1
1-Apr-07,8.39
1-Mar-07,8.35
1-Feb-07,9.26
1-Jan-07,9.56
1-Dec-06,9.84
1-Nov-06,9.93
1-Oct-06,9.73
1-Sep-06,10.03
1-Aug-06,9.73
1-Jul-06,9.06
1-Jun-06,9.3
1-May-06,9.18
1-Apr-06,9.43
1-Mar-06,9.56
1-Feb-06,9.8
1-Jan-06,9.87
1-Dec-05,9.54
1-Nov-05,9.31
1-Oct-05,9.36
1-Sep-05,9.23
1-Aug-05,9.2
1-Jul-05,8.87
1-Jun-05,8.6
1-May-05,8.5
1-Apr-05,8.94
1-Mar-05,9.05
1-Feb-05,8.8
1-Jan-05,8.43
1-Dec-04,8.25
1-Nov-04,8.17
1-Oct-04,7.75
1-Sep-04,7.32
1-Aug-04,7.01
1-Jul-04,6.78
1-Jun-04,6.51
1-May-04,6.5
1-Apr-04,6.64
1-Mar-04,6.48
1-Feb-04,6.5
1-Jan-04,6.68
1-Dec-03,6.57
1-Nov-03,6.28
1-Oct-03,6.26
1-Sep-03,6.47
1-Aug-03,6.63
1-Jul-03,6.85
1-Jun-03,7.18
1-May-03,7.6
1-Apr-03,7.75
1-Mar-03,8.08
1-Feb-03,8.41
1-Jan-03,8.46
1-Dec-02,8.05
1-Nov-02,8.24
1-Oct-02,8.57
1-Sep-02,8.85
1-Aug-02,8.83
1-Jul-02,8.6
1-Jun-02,8.41
1-May-02,8.46
1-Apr-02,8.48
1-Mar-02,8.2
1-Feb-02,8.19
1-Jan-02,8.12
1-Dec-01,7.95
1-Nov-01,8.08
1-Oct-01,7.91
1-Sep-01,8
1-Aug-01,8.04
1-Jul-01,7.93
1-Jun-01,8.5
1-May-01,7.73
1-Apr-01,8.14
1-Mar-01,7.51
1-Feb-01,7.25
1-Jan-01,7.07
1-Dec-00,6.87
1-Nov-00,6.48
1-Oct-00,6.01
1-Sep-00,5.8
1-Aug-00,5.94
1-Jul-00,5.86
1-Jun-00,5.86
1-May-00,6.04
1-Apr-00,6.34
1-Mar-00,6.26
1-Feb-00,6.21
1-Jan-00,6.1
"Dec 1, 1899",6.02
"Nov 1, 1899",6.46
"Oct 1, 1899",6.34
"Sep 1, 1899",6.37
"Aug 1, 1899",6.44
"Jul 1, 1899",6.28
"Jun 1, 1899",6.07
"May 1, 1899",6.21
"Apr 1, 1899",6.48
"Mar 1, 1899",6.4
"Feb 1, 1899",6.31
"Jan 1, 1899",6.08
"Dec 1, 1898",5.65
"Nov 1, 1898",5.32
"Oct 1, 1898",5.15
"Sep 1, 1898",5.26
"Aug 1, 1898",5.27
"Jul 1, 1898",5.08
"Jun 1, 1898",5.06
"May 1, 1898",4.87
"Apr 1, 1898",4.57
"Mar 1, 1898",4.65
"Feb 1, 1898",4.87
"Jan 1, 1898",4.88
"Dec 1, 1897",4.75
"Nov 1, 1897",4.65
"Oct 1, 1897",4.82
"Sep 1, 1897",4.98
"Aug 1, 1897",4.75
"Jul 1, 1897",4.46
"Jun 1, 1897",4.27
"May 1, 1897",4.08
"Apr 1, 1897",4.06
"Mar 1, 1897",4.19
"Feb 1, 1897",4.18
"Jan 1, 1897",4.22
"Dec 1, 1896",4.22
"Nov 1, 1896",4.38
"Oct 1, 1896",4.1
"Sep 1, 1896",4.01
"Aug 1, 1896",3.81
"Jul 1, 1896",4.04
"Jun 1, 1896",4.32
"May 1, 1896",4.4
"Apr 1, 1896",4.42
"Mar 1, 1896",4.38
"Feb 1, 1896",4.45
"Jan 1, 1896",4.27
"Dec 1, 1895",4.32
"Nov 1, 1895",4.59
"Oct 1, 1895",4.75
"Sep 1, 1895",4.82
"Aug 1, 1895",4.79
"Jul 1, 1895",4.72
"Jun 1, 1895",4.7
"May 1, 1895",4.61
"Apr 1, 1895",4.37
"Mar 1, 1895",4.19
"Feb 1, 1895",4.19
"Jan 1, 1895",4.25
"Dec 1, 1894",4.3
"Nov 1, 1894",4.34
"Oct 1, 1894",4.34
"Sep 1, 1894",4.48
"Aug 1, 1894",4.41
"Jul 1, 1894",4.25
"Jun 1, 1894",4.34
"May 1, 1894",4.4
"Apr 1, 1894",4.57
"Mar 1, 1894",4.51
"Feb 1, 1894",4.38
"Jan 1, 1894",4.32
"Dec 1, 1893",4.41
"Nov 1, 1893",4.57
"Oct 1, 1893",4.5
"Sep 1, 1893",4.37
"Aug 1, 1893",4.08
"Jul 1, 1893",4.18
"Jun 1, 1893",4.61
"May 1, 1893",4.84
"Apr 1, 1893",5.31
"Mar 1, 1893",5.31
"Feb 1, 1893",5.51
"Jan 1, 1893",5.61
"Dec 1, 1892",5.51
"Nov 1, 1892",5.57
"Oct 1, 1892",5.59
"Sep 1, 1892",5.48
"Aug 1, 1892",5.62
"Jul 1, 1892",5.54
"Jun 1, 1892",5.54
"May 1, 1892",5.57
"Apr 1, 1892",5.57
"Mar 1, 1892",5.58
"Feb 1, 1892",5.52
"Jan 1, 1892",5.51
"Dec 1, 1891",5.41
"Nov 1, 1891",5.25
"Oct 1, 1891",5.33
"Sep 1, 1891",5.33
"Aug 1, 1891",4.93
"Jul 1, 1891",4.77
"Jun 1, 1891",4.85
"May 1, 1891",4.95
"Apr 1, 1891",4.97
"Mar 1, 1891",4.81
"Feb 1, 1891",4.9
"Jan 1, 1891",4.84
"Dec 1, 1890",4.6
"Nov 1, 1890",4.71
"Oct 1, 1890",5.08
"Sep 1, 1890",5.32
"Aug 1, 1890",5.41
"Jul 1, 1890",5.54
"Jun 1, 1890",5.58
"May 1, 1890",5.62
"Apr 1, 1890",5.39
"Mar 1, 1890",5.28
"Feb 1, 1890",5.32
"Jan 1, 1890",5.38
"Dec 1, 1889",5.32
"Nov 1, 1889",5.35
"Oct 1, 1889",5.4
"Sep 1, 1889",5.5
"Aug 1, 1889",5.37
"Jul 1, 1889",5.3
"Jun 1, 1889",5.41
"May 1, 1889",5.32
"Apr 1, 1889",5.18
"Mar 1, 1889",5.19
"Feb 1, 1889",5.3
"Jan 1, 1889",5.24
"Dec 1, 1888",5.14
"Nov 1, 1888",5.24
"Oct 1, 1888",5.35
"Sep 1, 1888",5.38
"Aug 1, 1888",5.25
"Jul 1, 1888",5.14
"Jun 1, 1888",5.01
"May 1, 1888",5.17
"Apr 1, 1888",5.1
"Mar 1, 1888",5.08
"Feb 1, 1888",5.28
"Jan 1, 1888",5.31
"Dec 1, 1887",5.27
"Nov 1, 1887",5.3
"Oct 1, 1887",5.2
"Sep 1, 1887",5.38
"Aug 1, 1887",5.45
"Jul 1, 1887",5.59
"Jun 1, 1887",5.73
"May 1, 1887",5.9
"Apr 1, 1887",5.8
"Mar 1, 1887",5.67
"Feb 1, 1887",5.54
"Jan 1, 1887",5.58
"Dec 1, 1886",5.64
"Nov 1, 1886",5.79
"Oct 1, 1886",5.65
"Sep 1, 1886",5.51
"Aug 1, 1886",5.37
"Jul 1, 1886",5.33
"Jun 1, 1886",5.25
"May 1, 1886",5.02
"Apr 1, 1886",5.12
"Mar 1, 1886",5.19
"Feb 1, 1886",5.3
"Jan 1, 1886",5.2
"Dec 1, 1885",5.2
"Nov 1, 1885",5.24
"Oct 1, 1885",4.92
"Sep 1, 1885",4.65
"Aug 1, 1885",4.71
"Jul 1, 1885",4.46
"Jun 1, 1885",4.3
"May 1, 1885",4.32
"Apr 1, 1885",4.37
"Mar 1, 1885",4.38
"Feb 1, 1885",4.37
"Jan 1, 1885",4.24
"Dec 1, 1884",4.34
"Nov 1, 1884",4.35
"Oct 1, 1884",4.44
"Sep 1, 1884",4.59
"Aug 1, 1884",4.74
"Jul 1, 1884",4.46
"Jun 1, 1884",4.46
"May 1, 1884",4.65
"Apr 1, 1884",5.06
"Mar 1, 1884",5.3
"Feb 1, 1884",5.32
"Jan 1, 1884",5.18
"Dec 1, 1883",5.34
"Nov 1, 1883",5.46
"Oct 1, 1883",5.38
"Sep 1, 1883",5.53
"Aug 1, 1883",5.47
"Jul 1, 1883",5.73
"Jun 1, 1883",5.82
"May 1, 1883",5.77
"Apr 1, 1883",5.87
"Mar 1, 1883",5.75
"Feb 1, 1883",5.68
"Jan 1, 1883",5.81
"Dec 1, 1882",5.84
"Nov 1, 1882",5.81
"Oct 1, 1882",6.07
"Sep 1, 1882",6.24
"Aug 1, 1882",6.18
"Jul 1, 1882",6
"Jun 1, 1882",5.68
"May 1, 1882",5.71
"Apr 1, 1882",5.78
"Mar 1, 1882",5.78
"Feb 1, 1882",5.79
"Jan 1, 1882",5.92
"Dec 1, 1881",6.01
"Nov 1, 1881",6.19
"Oct 1, 1881",6.15
"Sep 1, 1881",6.25
"Aug 1, 1881",6.2
"Jul 1, 1881",6.35
"Jun 1, 1881",6.58
"May 1, 1881",6.5
"Apr 1, 1881",6.22
"Mar 1, 1881",6.24
"Feb 1, 1881",6.17
"Jan 1, 1881",6.19
"Dec 1, 1880",5.84
"Nov 1, 1880",5.61
"Oct 1, 1880",5.33
"Sep 1, 1880",5.18
"Aug 1, 1880",5.19
"Jul 1, 1880",5.01
"Jun 1, 1880",4.79
"May 1, 1880",4.77
"Apr 1, 1880",5.18
"Mar 1, 1880",5.3
"Feb 1, 1880",5.2
"Jan 1, 1880",5.11
"Dec 1, 1879",4.92
"Nov 1, 1879",4.93
"Oct 1, 1879",4.68
"Sep 1, 1879",4.22
"Aug 1, 1879",4.07
"Jul 1, 1879",4.04
"Jun 1, 1879",3.96
"May 1, 1879",3.94
"Apr 1, 1879",3.77
"Mar 1, 1879",3.65
"Feb 1, 1879",3.71
"Jan 1, 1879",3.58
"Dec 1, 1878",3.45
"Nov 1, 1878",3.47
"Oct 1, 1878",3.48
"Sep 1, 1878",3.52
"Aug 1, 1878",3.45
"Jul 1, 1878",3.48
"Jun 1, 1878",3.41
"May 1, 1878",3.34
"Apr 1, 1878",3.33
"Mar 1, 1878",3.24
"Feb 1, 1878",3.18
"Jan 1, 1878",3.25
"Dec 1, 1877",3.25
"Nov 1, 1877",3.26
"Oct 1, 1877",3.31
"Sep 1, 1877",3.24
"Aug 1, 1877",3.05
"Jul 1, 1877",2.85
"Jun 1, 1877",2.73
"May 1, 1877",2.94
"Apr 1, 1877",2.94
"Mar 1, 1877",3.17
"Feb 1, 1877",3.34
"Jan 1, 1877",3.55
"Dec 1, 1876",3.58
"Nov 1, 1876",3.6
"Oct 1, 1876",3.67
"Sep 1, 1876",3.69
"Aug 1, 1876",3.93
"Jul 1, 1876",4.1
"Jun 1, 1876",4.15
"May 1, 1876",4.18
"Apr 1, 1876",4.34
"Mar 1, 1876",4.51
"Feb 1, 1876",4.52
"Jan 1, 1876",4.46
"Dec 1, 1875",4.37
"Nov 1, 1875",4.37
"Oct 1, 1875",4.3
"Sep 1, 1875",4.37
"Aug 1, 1875",4.41
"Jul 1, 1875",4.39
"Jun 1, 1875",4.38
"May 1, 1875",4.47
"Apr 1, 1875",4.65
"Mar 1, 1875",4.59
"Feb 1, 1875",4.53
"Jan 1, 1875",4.54
"Dec 1, 1874",4.54
"Nov 1, 1874",4.57
"Oct 1, 1874",4.53
"Sep 1, 1874",4.54
"Aug 1, 1874",4.47
"Jul 1, 1874",4.46
"Jun 1, 1874",4.46
"May 1, 1874",4.48
"Apr 1, 1874",4.6
"Mar 1, 1874",4.73
"Feb 1, 1874",4.8
"Jan 1, 1874",4.66
"Dec 1, 1873",4.42
"Nov 1, 1873",4.04
"Oct 1, 1873",4.19
"Sep 1, 1873",4.59
"Aug 1, 1873",4.97
"Jul 1, 1873",4.97
"Jun 1, 1873",4.98
"May 1, 1873",5.05
"Apr 1, 1873",5.04
"Mar 1, 1873",5.11
"Feb 1, 1873",5.15
"Jan 1, 1873",5.11
"Dec 1, 1872",5.07
"Nov 1, 1872",4.95
"Oct 1, 1872",4.97
"Sep 1, 1872",4.95
"Aug 1, 1872",5.04
"Jul 1, 1872",5.1
"Jun 1, 1872",5.13
"May 1, 1872",5.18
"Apr 1, 1872",5.18
"Mar 1, 1872",5.04
"Feb 1, 1872",4.88
"Jan 1, 1872",4.86
"Dec 1, 1871",4.74
"Nov 1, 1871",4.64
"Oct 1, 1871",4.59
"Sep 1, 1871",4.84
"Aug 1, 1871",4.79
"Jul 1, 1871",4.73
"Jun 1, 1871",4.82
"May 1, 1871",4.86
"Apr 1, 1871",4.74
"Mar 1, 1871",4.61
"Feb 1, 1871",4.5
"Jan 1, 1871",4.44
